Customer,Assembly,Rev,WO,Qty,Status_1,Wo Start Date,Time (mins),Trolley,Cetec Ship Date,Actual Ship Date,Set Up (hrs),Time (hrs),Time (days),ISO WEEK SHIP DATE,ISO WEEK KIT DATE,Line,Start Date,End Date,Line Position,Priority,GROUP,COMPLETE?,Sides,MIN START DATE,TH WO,TH KIT,ISO MIN START WEEK,START DATE YEARWK,NOTES
Ushio,T142-3001,4,13969.3,100,1st Side Ready *,5/9/25,14,2,,5/9/25,1,1.47,0.09,40,19,3-EURO 588,7/22/26,7/22/26,1,Factory Default,1,Complete,,5/8/25,,,19,202519,
PS Audio,MS-12-076-04-1,D,11860.8,50,Setting Up,6/30/25,20,2,,7/10/25,1,2.33,0.29,40,27,1-EURO 264,10/2/25,10/2/25,1,Factory Default,1,Complete,,7/9/25,,,28,202527,
Ametek,ML48B-1601-1,F,13082.4,42,Running,7/8/25,15,2,,7/10/25,1,1.5,0.09,40,28,3-EURO 588,,1/1/00,2,Factory Default,1,Complete,,7/9/25,,,28,202528,
R2R,ES2310599,A,14660.2,52,Ready *,7/14/25,19,2,,7/16/25,1,2.27,0.28,40,29,1-EURO 264,#REF!,#REF!,3,Factory Default,1,Complete,,7/15/25,,,29,202529,
Ushio,T207-3001,5,14398.2,250,1st Side Ready,7/11/25,179,2,,7/21/25,1,12.93,1.62,40,28,1-EURO 264,7/22/26,7/23/26,2,Factory Default,1,Complete,,7/18/25,,,29,202528,
MCI,9020050-5,E,14793.2,24,1st Side Ready *,6/26/25,44,3,,7/23/25,1,2.47,0.31,40,26,4-EURO 586 MCI,,,,Factory Default,2,Complete,,7/22/25,,,30,202526,
MCI,9020050-6,E,14795.2,32,1st Side Ready *,6/26/25,58,3,,7/23/25,1,2.93,0.37,40,26,4-EURO 586 MCI,,,,Factory Default,2,Complete,,7/22/25,,,30,202526,
Subsite,216-1304,V02,14803.2,504,Ready,8/7/25,75,2,,7/28/25,1,6,0.75,40,32,1-EURO 264,#REF!,#REF!,1,Factory Default,1,Complete,,7/25/25,,,30,202532,
MCI,9020193-1,C,15130.2,296,2nd Side Running *,8/5/25,500,2,,7/31/25,1,17.67,2.21,40,32,4-EURO 586 MCI,,1/1/00,9,Factory Default,2,Complete,,7/28/25,,,31,202532,
Chromalox,0113-10248-0011,0,14653.2,39,1st Side Ready *,7/23/25,60,2,,8/5/25,1,5,0.63,40,30,1-EURO 264,10/2/25,10/2/25,,Factory Default,1,Complete,,8/4/25,,,32,202530,
Electromech,2196-219-4,G,14656.1,51,1st Side Ready,7/22/25,51,2,,8/6/25,1,4.4,0.55,40,30,1-EURO 264,#REF!,#REF!,4,Factory Default,1,Complete,,8/5/25,,,32,202530,
PS Audio,MS-12-095-01-1,D4,13508.2,32,Ready,7/10/25,64,4,,8/7/25,1,3.13,0.2,40,28,3-EURO 588,7/23/26,7/23/26,3,Factory Default,1,Complete,,8/6/25,,,32,202528,
Holzworth,901-0080-14C,C,14682.1,50,Ready,8/18/25,300,6,,8/11/25,1,11,0.69,40,34,3-EURO 588,7/22/26,7/22/26,1,Factory Default,1,Complete,,8/8/25,,,32,202534,
Colorado Times,R-0066-5760A5,A5,14718.2,78,Ready,8/14/25,85,2,,8/11/25,1,6.67,0.83,40,33,1-EURO 264,,1/1/00,2,Factory Default,1,Complete,,8/8/25,,,32,202533,
PS Audio,MS-12-114-05-1,B,14711.2,300,1st Side Ready,8/4/25,969,4,,8/13/25,2,34.3,2.14,40,32,2-EURO 127,,1/1/00,,Factory Default,1,Complete,,8/8/25,,,32,202532,
B&C,224-201-1,A,14714.1,204,Ready,7/25/25,43,2,,8/11/25,1,2.43,0.15,40,30,3-EURO 588,7/22/26,7/22/26,4,Factory Default,1,Complete,,8/8/25,,,32,202530,
Subsite,861-36903,V02,14807.2,18,1st Side Ready,7/29/25,3,2,,8/13/25,1,1.1,0.14,40,31,4-EURO 586 MCI,1/1/00,1/1/00,,Factory Default,2,Complete,,8/12/25,,,33,202531,
Li-Cor,9678-232,E,14820.1,200,Ready *,8/5/25,550,7,,8/21/25,3.5,21.83,1.36,40,32,2-EURO 127,7/22/26,7/23/26,,Factory Default,1,Complete,,8/19/25,,,34,202532,
Blink Device,PN00451,A,14754.2,504,Ready *,7/25/25,105,2,,8/18/25,1,4.5,0.28,40,30,2-EURO 127,7/22/26,7/22/26,,Factory Default,1,Complete,,8/15/25,,,33,202530,
Apogee,APN_2013,P4,13134.5,1008,2nd Side Running,7/23/25,912,4,,8/25/25,2,32.4,2.03,40,30,3-EURO 588,,1/1/00,,Factory Default,1,Complete,,8/22/25,,,34,202530,
Accessible Tech,ATI001_PCBA,0.2,14659.2,30,Ready,7/21/25,4,2,,8/22/25,1,1.27,0.16,40,30,1-EURO 264,,1/1/00,,Factory Default,1,Complete,,8/21/25,,,34,202530,
MCI,9017452,F,15049.2,600,Ready,7/25/25,"1,740.00",4,,8/27/25,1,59,7.38,40,30,4-EURO 586 MCI,,,,Factory Default,2,Complete,,8/19/25,,,34,202530,
Subsite,216-1341,V01,14008.3,78,1st Side Ready,8/18/25,132,2,,8/25/25,1,5.4,0.34,40,34,3-EURO 588,,1/1/00,2,Factory Default,1,Complete,,8/22/25,,,34,202534,
Li-Core,9680-045,C,14882.1,100,Running*,8/15/25,21,2,,8/25/25,1,2.4,0.3,40,33,1-EURO 264,,1/1/00,,Factory Default,1,Complete,,8/22/25,,,34,202533,
Chromalox,G0113-10277,06,14664.2,200,1st Side Running,8/15/25,237,2,,8/25/25,1,8.9,0.56,40,33,2-EURO 127,7/22/26,7/22/26,,Factory Default,1,Complete,,8/22/25,,,34,202533,
Braun,35214A,NA,14515.4,50,Ready,7/18/25,50,2,,8/26/25,1,4.33,0.54,40,29,1-EURO 264,,1/1/00,,Factory Default,1,Complete,,8/25/25,,,35,202529,
MCI,9018850-5,J,15095.1,96,1st Side Ready,7/30/25,250,3,,8/27/25,1,9.33,1.17,40,31,4-EURO 586 MCI,,1/1/00,8,Factory Default,2,Complete,,8/25/25,,,35,202531,
Subsite,861-37704-2,V01,14807.4,14,1st Side Ready,8/19/25,17,3,,8/27/25,1.5,2.07,0.26,40,34,4-EURO 586 MCI,,1/1/00,,Factory Default,2,Complete,,8/26/25,,,35,202534,
MCI,9018371-1,B,15051.1,51,1st Side Ready,7/25/25,48,2,,8/27/25,1,2.6,0.33,40,30,4-EURO 586 MCI,,1/1/00,4,Factory Default,2,Complete,,8/26/25,,,35,202530,
MCI,9018371-1,B,15051.1,51,1st Side Ready,7/25/25,48,2,,8/27/25,1,2.6,0.33,40,30,4-EURO 586 MCI,,1/1/00,5,Factory Default,2,Complete,,8/26/25,,,35,202530,
Li-Core,9680-039,C,14806.1,180,Ready *,8/18/25,98,2,,8/27/25,1,7.53,0.94,40,34,1-EURO 264,,1/1/00,,Factory Default,1,Complete,,8/26/25,,,35,202534,
Subsite,216-086,B,13094.2,12,Ready,8/12/25,4,2,,9/2/25,1,1.27,0.16,40,33,1-EURO 264,7/24/26,7/24/26,,Factory Default,1,Complete,,9/1/25,,,36,202533,
Subsite,861-38015,V02,14132.1,27,1st Side Ready,8/1/25,4,2,,9/2/25,1,1.27,0.16,40,31,1-EURO 264,,1/1/00,,Factory Default,1,Complete,,9/1/25,,,36,202531,
MCI,9019588-1,B,15126.1,146,1st Side Ready,8/4/25,216,2,,9/3/25,1,8.2,1.03,40,32,4-EURO 586 MCI,,,,Factory Default,2,Complete,,9/1/25,,,36,202532,
Biomark,710-0650-00,E,15028.5,100,1st Side Ready,8/18/25,90,2,,9/3/25,1,4,0.25,40,34,2-EURO 127,7/24/26,7/24/26,,Factory Default,1,Complete,,9/2/25,,,36,202534,
Biomark,710-0640-00,E,15028.3,50,1st Side Ready,8/15/25,35,2,,9/3/25,1,2.17,0.14,40,33,2-EURO 127,7/24/26,7/24/26,,Factory Default,1,Complete,,9/2/25,,,36,202533,
MCI,9015638-1,J,15055.2,100,Ready,7/25/25,17,2,,9/3/25,1,1.57,0.2,40,30,4-EURO 586 MCI,,,4,Factory Default,2,Complete,,9/2/25,,,36,202530,
Karcher,86354440,B,14787.2,144,Ready,8/14/25,48,2,,9/4/25,1,2.6,0.16,40,33,2-EURO 127,1/1/00,1/1/00,,Factory Default,1,Complete,,9/3/25,,,36,202533,
Ametek,ACL23A-2628-2,D,12670.9,80,1st Side Ready,7/29/25,48,2,,9/4/25,1,2.6,0.16,40,31,2-EURO 127,,,,Factory Default,1,Complete,,9/3/25,,,36,202531,
Aeromach,71437-01,B,14875.3,150,Ready,8/5/25,5,2,,9/4/25,1,1.17,0.07,40,32,2-EURO 127,,1/1/00,,Factory Default,1,Complete,,9/3/25,,,36,202532,
Great Plains,113454-01,B,14908.2,216,Ready,8/14/25,18,2,,9/5/25,1,1.6,0.1,40,33,2-EURO 127,7/24/26,7/24/26,,Factory Default,1,Complete,,9/4/25,,,36,202533,
Chromalox,0113-10282,09,14654.2,10,2nd Side Setting Up,9/18/25,28,3,,7/17/25,1.5,2.43,0.15,40,38,2-EURO 127,,1/1/00,,Factory Default,1,Complete,,7/16/25,14654.1,Clear to Build,29,202538,
Tactical,PCA-10104-02,2,14933.4,100,Ready,8/11/25,5,2,,9/5/25,1,1.17,0.07,40,33,2-EURO 127,,1/1/00,,Factory Default,1,Complete,,9/4/25,,,36,202533,
Bonitron,ASB 3660A1D-1,-,14663.2,125,Ready *,8/8/25,25,2,,9/5/25,1,1.83,0.11,40,32,2-EURO 127,,1/1/00,,Factory Default,1,Complete,,9/4/25,,,36,202532,
MCI,9019531-2,F,15161.2,95,1st Side Ready,8/7/25,384,4,,9/10/25,1,13.8,1.73,40,32,4-EURO 586 MCI,,1/1/00,1,Factory Default,2,Complete,,9/8/25,,,37,202532,
MCI,9018850-1,J,15048.1,52,1st Side Ready,7/24/25,143,3,,9/10/25,1,5.77,0.72,40,30,4-EURO 586 MCI,,1/1/00,7,Factory Default,2,Complete,,9/9/25,,,37,202530,
Subsite,861-36937,V02,14933.3,12,2nd Side Running,8/19/25,10,2,,9/10/25,1,1.67,0.21,40,34,1-EURO 264,,1/1/00,,Factory Default,1,Complete,,9/9/25,,,37,202534,
Subsite,SUB216-1194XX,V10,10768.5,556,2nd Side Running,8/28/25,505,4,9/10/25,9/10/25,2,18.83,1.18,40,35,3-EURO 588,7/24/26,7/27/26,1,Factory Default,1,Complete,Double,9/8/25,10768.4,Missing,37,202535,
Subsite,SUB216-1185XX,4,9491.6,228,Running,8/28/25,156,3,9/10/25,9/10/25,1.5,11.9,1.49,40,35,1-EURO 264,1/1/00,1/2/00,1,Factory Default,1,Complete,Single,9/8/25,9469.6,Clear to Build,37,202535,
MCI,9017915-1,N,15294.1,200,1St Side Ready,8/15/25,554,4,,9/24/25,1,19.47,2.43,40,33,4-EURO 586 MCI,,1/1/00,7,Factory Default,2,Complete,,9/19/25,,,38,202533,
BGM,SUBPRT-00081-000-CONXX,G,15370.2,2778,Clear to Build *,8/26/25,926,2,9/11/25,9/11/25,1,31.87,1.99,40,35,3-EURO 588,1/1/00,1/3/00,3,Factory Default,1,Incomplete,Double,9/9/25,15370.1,Clear to Build,37,202535,
Colorado Times,SUBR-0066-6270XX,B,14605.4,246,Running,9/24/25,532,5,9/11/25,9/11/25,2.5,20.23,1.26,40,39,2-EURO 127,1/1/00,1/2/00,1,Factory Default,1,Complete,Single,9/9/25,14695.4,Clear to Build,37,202539,
Subsite,SUB934-0857XX,V02,15033.2,46,Clear to Build,8/20/25,12,2,9/16/25,9/16/25,1,1.4,0.09,40,34,2-EURO 127,1/1/00,1/1/00,8,Factory Default,1,Incomplete,Single,9/15/25,15033.1,Clear to Build,38,202534,
Ametek,SUBCG302A-2664-1XX,B,13907.5,30,Clear to Build,8/5/25,15,3,9/16/25,9/16/25,1.5,2,0.13,40,32,2-EURO 127,,1/1/00,7,Factory Default,1,Incomplete,Single,9/15/25,13907.4,Clear to Build,38,202532,
Subsite,861-35507-2,V03,15191.2,21,Running,9/15/25,5,2,9/17/25,9/17/25,1,1.33,0.17,40,38,1-EURO 264,1/1/00,1/1/00,1,Factory Default,1,Complete,Single,9/16/25,15191.1,Missing,38,202538,
Subsite,216-10058,V02,14931.2,12,1st Side Ready *,8/21/25,47,4,,7/29/25,2,3.57,0.22,40,34,3-EURO 588,1/2/00,1/2/00,,Factory Default,1,Complete,,7/28/25,,,31,202534,
Li-Core,9622-137,E,14880.2,44,Ready*,8/21/25,103,4,,8/8/25,2,5.43,0.34,40,34,3-EURO 588,1/1/00,1/1/00,,Factory Default,1,Complete,,8/7/25,,,32,202534,
Li-Core,9678-102,F,14881.2,100,Ready*,8/21/25,675,5,,8/8/25,2.5,25,1.56,40,34,3-EURO 588,1/3/00,1/4/00,,Factory Default,1,Complete,,8/6/25,,,32,202534,
Blink Device,PN00589,F,14810.1,200,Ready,8/21/25,30,2,,8/21/25,1,2,0.13,40,34,2-EURO 127,1/2/00,1/2/00,,Factory Default,1,Complete,,8/20/25,,,34,202534,
Subsite,216-1202,2,15037.1,28,Ready,8/22/25,21,4,,8/21/25,2,2.7,0.17,40,34,2-EURO 127,1/1/00,1/1/00,,Factory Default,1,Complete,,8/20/25,,,34,202534,
Tactical,PCA-10115-00,NA,15195.3,60,Ready,8/22/25,60,0,,9/5/25,1,3,0.38,40,34,5-Hand Build,1/1/00,1/1/00,1,Factory Default,1,Complete,,9/4/25,,,36,202534,
Subsite,216-1342,V02,14008.5,72,1st side Ready,8/25/25,130,4,,8/4/25,2,6.33,0.4,40,35,2-EURO 127,1/1/00,1/1/00,,Factory Default,1,Complete,,8/1/25,,,31,202535,
Venescope,VT03 Powerboard,NA,15100.3,500,Ready,8/25/25,16,2,,9/19/25,1,1.53,0.1,40,35,2-EURO 127,1/2/00,1/2/00,,Factory Default,1,Complete,,9/18/25,,,38,202535,
Astrotech,30-10016-02,C,14701.6,110,Ready *,8/25/25,15,2,,6/17/25,1,1.5,0.19,40,35,Not Scheduled,1/1/00,1/1/00,,Factory Default,1,Complete,,6/16/25,,,25,202535,
Ametek,ACL12B-2629-4,B,12629.9,75,1st Side Ready,8/26/25,5,2,,9/11/25,1,1.17,0.15,40,35,5-Hand Build,1/4/00,1/4/00,,Factory Default,1,Complete,,9/10/25,,,37,202535,
MCI,9018575-1,D,15364.2,2378,1st Side Ready,8/26/25,"1,817.00",2,,9/10/25,1,61.57,7.7,40,35,4-EURO 586 MCI,1/2/00,1/10/00,2,Factory Default,2,Complete,,9/2/25,,,36,202535,
Holzworth,901-0088-07,7A,14906.1,50,Ready,8/26/25,125,4,,9/4/25,2,6.17,0.39,40,35,2-EURO 127,1/1/00,1/2/00,,Factory Default,1,Complete,,9/3/25,,,36,202535,
Subsite,SUB216-1208,13,13575.2,900,Clear to Build,9/19/25,300,2,9/17/25,9/17/25,1,11,0.69,40,38,2-EURO 127,1/1/00,1/2/00,3,Factory Default,1,Incomplete,Single,9/16/25,13575.1,Missing,38,202538,
Subsite,216-1303,V01,13609.1,312,Ready,8/26/25,146,2,,8/19/25,1,10.73,1.34,40,35,1-EURO 264,1/1/00,1/3/00,,Factory Default,1,Complete,,8/15/25,,,33,202535,
MPH industries,951820P,B,15223.1,612,Ready *,8/25/25,102,2,,8/27/25,1,7.8,0.98,40,35,1-EURO 264,1/2/00,1/3/00,,Factory Default,1,Complete,,8/26/25,,,35,202535,
Li-Cor,9679-061,C,14767.1,75,Ready*,8/26/25,287,5,,9/2/25,2.5,12.07,0.75,40,35,2-EURO 127,1/1/00,1/2/00,,Factory Default,1,Complete,,9/1/25,,,36,202535,
Venhub,Venhub-7A,-,15221.2,2,Ready*,8/26/25,3,4,,8/28/25,2,2.2,0.28,40,35,1-EURO 264,1/4/00,1/5/00,,Factory Default,1,Complete,,8/27/25,,,35,202535,
BGM,PRT-00088-000-CON,P,15371.2,912,1st Side Ready,8/27/25,684,2,,9/3/25,1,23.8,1.49,40,35,2-EURO 127,1/10/00,1/11/00,,Factory Default,1,Complete,,9/1/25,,,36,202535,
Bladewerx,KATANA,4.5,15121.2,50,1st Side Ready *,8/27/25,108,4,,8/15/25,2,5.6,0.35,40,35,2-EURO 127,1/2/00,1/2/00,,Factory Default,1,Complete,,8/14/25,,,33,202535,
Subsite,216-1305,V02,13095.2,204,Ready,8/27/25,51,2,,9/3/25,1,4.4,0.55,40,35,1-EURO 264,1/2/00,1/3/00,,Factory Default,1,Complete,,9/2/25,,,36,202535,
Tactical,SUBPCA-10112-04XX,4.1,15195.2,60,2nd Side Setting Up,9/12/25,67,3,9/17/25,9/17/25,1.5,3.73,0.23,40,37,3-EURO 588,1/2/00,1/2/00,1,Factory Default,1,Complete,Double,9/16/25,15195.1,Clear to Build,38,202537,
Subsite,SUB861-37565XX,V05,14661.2,48,Clear to Build *,9/5/25,50,2,9/18/25,9/18/25,1,2.67,0.17,40,36,2-EURO 127,1/3/00,1/3/00,9,Factory Default,1,Incomplete,Double,9/17/25,14661.1,Clear to Build,38,202536,
Konectric,006-1018-00,A,14909.2,100,Ready*,8/28/25,69,2,,8/14/25,1,5.6,0.7,40,35,1-EURO 264,1/2/00,1/3/00,,Factory Default,1,Complete,,8/13/25,,,33,202535,
Venhub,Venhub-FR,-,15221.4,4,Ready *,8/28/25,6,5,,8/28/25,2.5,2.9,0.36,40,35,1-EURO 264,1/5/00,1/5/00,,Factory Default,1,Complete,,8/27/25,,,35,202535,
Karcher,86413420,J,13548.2,250,1st Side Ready,8/28/25,937,4,,8/21/25,2,33.23,2.08,40,35,3-EURO 588,1/11/00,1/15/00,,Factory Default,1,Complete,,8/18/25,,,34,202535,
Surefire,218-3520Y1-A12,A12,15183.2,50,Ready,8/28/25,75,4,,9/1/25,2,7,0.88,40,35,1-EURO 264,1/2/00,1/3/00,,Factory Default,1,Complete,,8/29/25,,,35,202535,
Subsite,SUB861-37108XX,V02,15191.4,12,Clear to Build,9/18/25,2,2,9/19/25,9/19/25,1,1.07,0.07,40,38,3-EURO 588,1/2/00,1/2/00,6,Factory Default,1,Incomplete,Single,9/18/25,15191.3,Clear to Build,38,202538,
MCI,9017691,M,15405.1,46,1st Side Ready,9/2/25,172,4,,10/1/25,2,7.73,0.97,40,36,4-EURO 586 MCI,1/3/00,1/4/00,4,Factory Default,2,Complete,,9/30/25,,,40,202536,
Holzworth,901-0081-14,14B,14906.3,100,Ready,9/3/25,230,3,,9/10/25,1.5,9.17,0.57,40,36,3-EURO 588,1/2/00,1/3/00,,Factory Default,1,Complete,,9/9/25,,,37,202536,
MCI,SUB9015951XX,J,15505.2,150,2nd Side Running,9/12/25,112,2,9/19/25,9/19/25,1,4.73,0.59,40,37,4-EURO 586 MCI,1/3/00,1/3/00,1,Factory Default,2,Complete,Double,9/18/25,15505.1,Clear to Build,38,202537,
Subsite,216-1192,7,13224.9,150,Running,9/3/25,100,3,,9/3/25,1.5,4.83,0.3,40,36,3-EURO 588,1/3/00,1/3/00,,Factory Default,1,Complete,,9/2/25,,,36,202536,
Tactical,PCA-10182-00,0.1,15020.2,100,Ready,9/3/25,4,2,,9/4/25,1,1.27,0.16,40,36,1-EURO 264,1/5/00,1/5/00,,Factory Default,1,Complete,,9/3/25,,,36,202536,
Venhub,Venhub-DU,-,15238.2,8,1st Side Setting Up *,9/22/25,10,5,,9/12/25,2.5,2.83,0.18,40,39,3-EURO 588,1/15/00,1/15/00,,Factory Default,1,Complete,,9/11/25,,,37,202539,
Subsite,861-35947,V02,15190.2,18,Ready,9/4/25,60,0,,9/24/25,1,3,0.38,40,36,5-Hand Build,1/3/00,1/3/00,,Factory Default,1,Complete,,9/23/25,,,39,202536,
Subsite,216-1305,V02,15194.2,232,Ready,9/4/25,43,2,,9/5/25,1,3.87,0.48,40,36,1-EURO 264,1/2/00,1/3/00,,Factory Default,1,Complete,,9/4/25,,,36,202536,
Subsite,216-10115,V01,15359.4,6,1st Side Ready *,9/5/25,7,2,,9/3/25,1,1.47,0.18,40,36,1-EURO 264,1/4/00,1/4/00,,Factory Default,1,Complete,,9/2/25,,,36,202536,
Karcher,86452860,C,14715.2,80,2nd Side Running,8/12/25,53,2,,9/12/25,1,2.77,0.17,40,33,3-EURO 588,,,,Factory Default,1,Complete,,9/11/25,,,37,202533,
Tactical,PCA-10119-04,4.1,14877.2,112,1st Side Ready,9/5/25,286,4,,8/8/25,2,11.53,0.72,40,36,3-EURO 588,1/3/00,1/4/00,,Factory Default,1,Complete,,8/7/25,,,32,202536,
PS Audio,SUBMS-12-080-04-1XX,D,13611.8,248,Clear to Build,9/25/25,31,2,9/25/25,9/25/25,1,2.03,0.13,40,39,3-EURO 588,1/5/00,1/5/00,8,Factory Default,1,Incomplete,Single,9/24/25,13611.7,Missing,39,202539,
Ametek,2670190-10,C,15136.2,150,Ready,9/5/25,150,4,,8/29/25,2,7,0.44,40,36,2-EURO 127,1/5/00,1/8/00,,Factory Default,1,Complete,,8/28/25,,,35,202536,
Subsite,216-1303,V01,13609.17,208,Running,9/9/25,98,2,9/26/25,9/26/25,1,7.53,0.94,40,37,1-EURO 264,1/15/00,1/16/00,1,Factory Default,1,Complete,Single,9/25/25,13609.9,Clear to Build,39,202537,
MCI,SUB9019818-2XX,E,15576.2,52,Clear to Build,9/22/25,139,2,9/30/25,9/30/25,1,5.63,0.7,40,39,4-EURO 586 MCI,1/3/00,1/4/00,2,Factory Default,2,Incomplete,Double,9/29/25,15576.1,Clear to Build,40,202539,
PS Audio,MS-12-076-01-1,E,13610.7,100,Ready,9/8/25,42,2,,8/28/25,1,3.8,0.48,40,37,1-EURO 264,1/3/00,1/3/00,,Factory Default,1,Complete,,8/27/25,,,35,202537,
Subsite,SUB216-1202V03XX,V03,15297.1,200,Running,9/25/25,200,4,9/30/25,9/30/25,2,8.67,0.54,40,39,3-EURO 588,,1/1/00,1,Overclocked,1,Incomplete,Single,9/29/25,15295.1,Clear to Build,40,202539,
Siemans,A5E52943969001,01,15214.1,240,Ready,9/9/25,180,0,,10/3/25,1,7,0.88,40,37,5-Hand Build,,1/1/00,,Factory Default,1,Complete,,10/2/25,,,40,202537,
Subsite,216-1302,V04,14044.8,200,Ready,9/9/25,65,3,,9/3/25,1.5,3.67,0.23,40,37,2-EURO 127,1/4/00,1/4/00,,Factory Default,1,Complete,,9/2/25,,,36,202537,
PS Audio,MS-12-114-01-1,E1,13539.7,250,1st Side Ready,9/9/25,"1,250.00",5,,8/13/25,2.5,44.17,2.76,40,37,2-EURO 127,1/5/00,1/8/00,,Factory Default,1,Complete,,8/8/25,,,32,202537,
Subsite,861-39420,V2,14807.7,21,2nd Side Running,8/18/25,12,2,10/2/25,10/2/25,1,1.8,0.23,40,34,1-EURO 264,,1/1/00,1,Factory Default,1,Complete,Double,10/1/25,14807.6,Clear to Build,40,202534,
Apogee,APN_2336,05,15098.1,300,2nd Side Running,9/3/25,80,2,,9/18/25,1,3.67,0.23,40,36,2-EURO 127,1/4/00,1/4/00,,Factory Default,1,Complete,,9/17/25,,,38,202536,
Subsite,SUB861-39424XX,V02,15270.3,21,Clear to Build,9/18/25,5,2,10/1/25,10/1/25,1,1.17,0.07,40,38,2-EURO 127,1/3/00,1/3/00,11,Factory Default,1,Incomplete,Double,9/30/25,15279.1,Clear to Build,40,202538,
MCI,SUB9020193-1XX REV C,C,15577.2,100,Clear to Build,9/22/25,175,2,10/1/25,10/1/25,1,6.83,0.85,40,39,4-EURO 586 MCI,1/1/00,1/2/00,6,Factory Default,2,Incomplete,Double,9/30/25,15577.1,Clear to Build,40,202539,
Astrotech,30-10020-04,C,14701.8,110,Ready *,9/10/25,41,2,,9/2/25,1,2.37,0.3,40,37,Not Scheduled,1/1/00,1/2/00,,Factory Default,1,Complete,,9/1/25,,,36,202537,
Bladewerx,Annunciator,4.6,15220.2,25,1st Side Ready,9/10/25,100,5,,8/18/25,2.5,5.83,0.36,40,37,2-EURO 127,1/4/00,1/5/00,,Factory Default,1,Complete,,8/15/25,,,33,202537,
Tactical,PCA-10136-01,1.1,15196.2,90,1st Side Ready,9/11/25,103,2,,9/11/25,1,4.43,0.28,40,37,2-EURO 127,1/8/00,1/8/00,,Factory Default,1,Complete,,9/10/25,,,37,202537,
ASC,1438002-1,E,15119.1,25,1st Side Running*,9/3/25,18,2,,9/25/25,1,1.6,0.1,40,36,2-EURO 127,#REF!,#REF!,,Factory Default,1,Complete,,9/24/25,,,39,202536,
Subsite,SUB934-0064,V05,15222.4,1000,Running,9/9/25,363,1,10/2/25,10/2/25,1,25.2,3.15,40,37,1-EURO 264,1/1/00,1/4/00,1,Factory Default,1,Incomplete,Single,9/26/25,15222.1,Missing,39,202537,
MCI,9020196-1,C,15505.5,152,1st Side Ready,9/12/25,285,3,,9/11/25,1.5,11,1.38,40,37,4-EURO 586 MCI,1/4/00,1/8/00,,Factory Default,2,Complete,,9/9/25,,,37,202537,
Subsite,BOM934-0828,V03,15222.3,108,Clear to Build,9/10/25,18,2,10/3/25,10/3/25,1,1.6,0.1,40,37,3-EURO 588,1/3/00,1/3/00,13,Factory Default,1,Incomplete,Single,10/2/25,15222.1,Parts Due in,40,202537,Missing Sub assemblies
MCI,9020193-1,C,15505.8,300,1st Side Ready,9/12/25,525,2,,9/11/25,1,18.5,2.31,40,37,4-EURO 586 MCI,1/2/00,1/4/00,,Factory Default,2,Complete,,9/8/25,,,37,202537,
Subsite,216-10114,V01,15359.2,6,1st Side Ready *,9/12/25,5,2,,9/2/25,1,1.17,0.15,40,37,Not Scheduled,1/2/00,1/2/00,,Factory Default,1,Complete,,9/1/25,,,36,202537,
Tactical,BOMPCA-10133-01,01,15061.1,96,Clear to Build,9/4/25,30,2,10/10/25,10/3/25,1,2,0.13,40,36,3-EURO 588,1/5/00,1/5/00,12,Factory Default,1,Incomplete,Double,10/2/25,N/A,SMT ONLY,40,202536,
Li-Cor,BOM9677-078,A,15102.1,175,Clear to Build *,9/5/25,24,2,10/8/25,10/1/25,1,1.8,0.11,40,36,3-EURO 588,1/8/00,1/8/00,11,Factory Default,1,Incomplete,Double,9/30/25,N/A,SMT ONLY,40,202536,
Holzworth,901-0080-14C,14C,14683.1,50,Ready,9/15/25,300,6,,9/8/25,3,13,0.81,40,38,3-EURO 588,#REF!,#REF!,,Factory Default,1,Complete,,9/5/25,,,36,202538,
Bunnell,BOM03951-00,B2,15185.3,30,Clear to Build *,9/5/25,49,2,10/15/25,10/8/25,1,2.63,0.16,41,36,2-EURO 127,1/4/00,1/4/00,17,Factory Default,1,Incomplete,Double,10/7/25,N/A,SMT ONLY,41,202536,
Kustom Signals,200-6309-00,3,15451.2,60,Ready,9/15/25,60,0,,9/16/25,1,3,0.38,40,38,5-Hand Build,1/8/00,1/8/00,,Factory Default,1,Complete,,9/15/25,,,38,202538,
Video King,17322178,B,15236.2,102,Ready *,9/16/25,85,2,,9/16/25,1,6.67,0.83,40,38,1-EURO 264,1/3/00,1/4/00,,Factory Default,1,Complete,,9/15/25,,,38,202538,
Tactical,BOMPCA-10176-01,1.1,15197.3,50,Clear to Build,9/10/25,7,2,10/22/25,10/15/25,1,1.23,0.08,42,37,2-EURO 127,1/4/00,1/4/00,19,Factory Default,1,Incomplete,Single,10/14/25,N/A,SMT ONLY,42,202537,
Chromalox,G0113-10277,06,14784.2,504,1st Side Ready,9/9/25,756,2,,9/8/25,1,26.2,1.64,40,37,3-EURO 588,1/2/00,1/3/00,,Factory Default,1,Complete,,9/5/25,,,36,202537,
Ventec,PRT-01804-100,E1,15514.1,25,Ready *,9/18/25,12,2,,9/19/25,1,1.8,0.23,40,38,1-EURO 264,1/5/00,1/5/00,,Factory Default,1,Complete,,9/18/25,,,38,202538,
Ventec,PRT-01805-100,E1,15425.1,25,Ready *,9/18/25,4,2,,9/19/25,1,1.27,0.16,40,38,1-EURO 264,1/8/00,1/9/00,,Factory Default,1,Complete,,9/18/25,,,38,202538,
Li-Cor,BOM9679-061,C,14767.2,75,Clear to Build,9/19/25,325,5,10/20/25,10/13/25,2.5,13.33,0.83,42,38,3-EURO 588,#REF!,#REF!,16,Factory Default,1,Incomplete,Double,10/10/25,N/A,SMT ONLY,41,202538,
Subsite,SUB216-1067XX,1,13089.2,144,Clear to Build,7/28/25,84,2,10/22/25,10/22/25,1,3.8,0.24,43,31,2-EURO 127,,1/1/00,20,Factory Default,1,Incomplete,Double,10/21/25,13089.6,Clear to Build,43,202531,
Subsite,SUB216-1259,V02,10766.2,409,Clear to Build,7/30/25,31,2,10/29/25,10/29/25,1,2.03,0.13,44,31,2-EURO 127,1/8/00,1/9/00,22,Factory Default,1,Incomplete,Single,10/28/25,10666.1,Clear to Build,44,202531,
MCI,SUB9019531-4XX,F,15652.2,50,Clear to Build,9/26/25,205,4,3/3/26,3/3/26,2,8.83,1.1,40,39,4-EURO 586 MCI,1/4/00,1/5/00,3,Factory Default,2,Incomplete,Double,2/27/26,15652.1,Clear to Build,9,202639,
Subsite,SUB216-1255V01,V01,13233.1,510,Clear to Build,9/12/25,55,2,10/7/25,10/7/25,1,2.83,0.18,41,37,3-EURO 588,1/4/00,1/4/00,2,Overclocked,1,Incomplete,Single,10/6/25,15354.1,Clear to Build,41,202537,
Subsite,SUB216-10002XX,V01,8823.4,1305,Clear to Build,9/9/25,"1,631.00",1,10/9/25,10/9/25,1,109.73,13.72,41,37,1-EURO 264,1/3/00,1/17/00,2,Factory Default,1,Incomplete,Single,9/25/25,8811.13,Clear to Build,39,202537,
MCI,9018649,B,15366.1,390,2nd Side Running,8/26/25,689,2,10/9/25,10/2/25,1,23.97,3,40,35,4-EURO 586 MCI,1/9/00,1/12/00,1,Factory Default,2,Complete,Double,9/29/25,N/A,SMT ONLY,40,202535,
Konectric,006-1006-20,F,15017.2,100,1st Side Ready,9/22/25,66,4,,9/4/25,2,4.2,0.26,40,39,2-EURO 127,1/9/00,1/9/00,,Factory Default,1,Complete,,9/3/25,,,36,202539,
BGM,PRT-00089-000-CON,K,15565.2,972,Ready,9/22/25,308,2,,9/17/25,1,11.27,0.7,40,39,3-EURO 588,#REF!,#REF!,,Factory Default,1,Complete,,9/16/25,,,38,202539,
MCI,9018314-1,D,15505.3,25,2nd Side Running,9/12/25,40,2,10/9/25,10/2/25,1,2.33,0.29,40,37,4-EURO 586 MCI,1/1/00,1/1/00,1,Factory Default,2,Complete,Double,10/1/25,N/A,SMT ONLY,40,202537,
MCI,BOM9019539-1,E,15505.6,252,1st Side Setting Up *,9/12/25,643,4,10/9/25,10/2/25,2,23.43,2.93,40,37,4-EURO 586 MCI,1/9/00,1/11/00,1,Factory Default,2,Incomplete,Double,9/29/25,N/A,SMT ONLY,40,202537,
Subsite,SUB216-1312V05XX,V05,12336.6,60,Running,7/14/25,253,4,8/4/25,8/4/25,2,10.43,0.65,40,29,2-EURO 127,7/24/26,7/24/26,1,Factory Default,1,Complete,Double,8/1/25,15079.1,Clear to Build,31,202529,
MCI,BOM9019392-1,D,15446.1,145,2nd Side Running,9/9/25,138,2,10/22/25,10/15/25,1,5.6,0.7,42,37,4-EURO 586 MCI,1/4/00,1/5/00,1,Factory Default,2,Complete,Double,10/14/25,N/A,SMT ONLY,42,202537,
Bunnell,SUB03954-00XX,B2,15185.5,30,Clear to Build *,9/5/25,6,2,9/9/25,9/9/25,1,1.2,0.08,40,36,2-EURO 127,1/17/00,1/17/00,2,Factory Default,1,Incomplete,Double,9/8/25,15185.4,Clear to Build,37,202536,
Subsite,BOM861-36075,V02,13690.1,20,2nd Side Running,5/13/25,8,2,6/4/25,5/28/25,1,1.27,0.08,40,20,2-EURO 127,1/9/00,1/9/00,1,Factory Default,1,Complete,Single,5/27/25,N/A,SMT ONLY,22,202520,
MPH,BOM950905P,E,15410.1,20,Clear to Build *,9/26/25,2,2,10/7/25,9/30/25,1,1.07,0.07,40,39,3-EURO 588,#REF!,#REF!,9,Factory Default,1,Incomplete,Single,9/29/25,N/A,SMT ONLY,40,202539,
Subsite,BOM216-10108,V01,15537.1,5,Clear to Build *,9/26/25,3,2,10/9/25,10/2/25,1,1.1,0.07,40,39,2-EURO 127,1/1/00,1/1/00,12,Overclocked,1,Incomplete,Double,10/1/25,N/A,SMT ONLY,40,202539,
Subsite,BOM216-10109,V01,15537.2,5,Clear to Build *,9/26/25,3,2,10/9/25,10/2/25,1,1.1,0.07,40,39,2-EURO 127,1/11/00,1/12/00,13,Overclocked,1,Incomplete,Double,10/1/25,N/A,SMT ONLY,40,202539,
Subsite,BOM216-10110,V01,15537.3,5,Clear to Build *,9/26/25,3,2,10/9/25,10/2/25,1,1.1,0.07,40,39,2-EURO 127,7/24/26,7/24/26,14,Overclocked,1,Incomplete,Double,10/1/25,N/A,SMT ONLY,40,202539,
Subsite,BOM216-10111,V01,15537.4,5,Clear to Build *,9/26/25,3,2,10/9/25,10/2/25,1,1.1,0.07,40,39,2-EURO 127,1/5/00,1/5/00,15,Overclocked,1,Incomplete,Double,10/1/25,N/A,SMT ONLY,40,202539,
MCI,SUB9020196-1XX REV C,C,15686.2,416,Clear to Build,9/30/25,754,4,10/3/25,10/3/25,2,27.13,3.39,40,40,4-EURO 586 MCI,,,5,Factory Default,2,Incomplete,Double,9/29/25,15686.1,Clear to Build,40,202540,
Astrotech,SUB30-10014-03XX,G,14701.4,110,Clear to Build *,9/30/25,60,2,9/2/25,9/2/25,1,3,0.19,40,40,2-EURO 127,,,4,Factory Default,1,Incomplete,Double,9/1/25,14701.3,Clear to Build,36,202540,
Electromech,BOM2196-214-2,J,15028.1,124,1st Side Running ,9/29/25,465,5,9/30/25,9/23/25,2.5,18,1.13,40,40,2-EURO 127,,,1,Factory Default,1,Incomplete,Double,9/19/25,N/A,SMT ONLY,38,202540,
MCI,SUB9019525-4XX,G,15654.2,50,Progam/Stencil,9/26/25,1150,3,10/2/25,10/2/25,1.5,39.83,4.98,40,39,4-EURO 586 MCI,,,4,Factory Default,2,Incomplete,Double,9/26/25,15654.1,Clear to Build,39,202539,
Chromalox,SUBG0113-10247-FS-0011xx,03,14393.2,100,Clear to Build,9/26/25,150,3,9/15/25,9/15/25,1.5,6.5,0.41,40,39,2-EURO 127,,,6,Factory Default,1,Incomplete,Double,9/12/25,14393.1,Clear to Build,37,202539,
Athena,SUB540-0007-00XX,F,15368.5,100,Clear to Build,9/30/25,112,2,9/29/25,9/29/25,1,4.73,0.3,40,40,3-EURO 588,,,8,Factory Default,1,Incomplete,Double,9/26/25,15368.4,Clear to Build,39,202540,
Kustom Signals,SUB200-6309-00XX,3,15451.4,240,Running,9/30/25,60,0,10/9/25,,,,,,,5-Hand Build,,,,Factory Default,,Complete,Single,,,,52,189940,
Chromalox,SUBG0113-10277XX,06,15086.1,504,Clear to Build,9/30/25,588,2,9/8/25,9/8/25,1,20.6,1.29,40,40,2-EURO 127,,,5,Factory Default,1,Incomplete,Double,9/5/25,14784.1,Clear to Build,36,202540,
Chromalox,SUB0113-10293XX,03,15029.6,14,Clear to Build,9/30/25,37,3,9/19/25,9/19/25,1.5,2.73,0.17,40,40,3-EURO 588,,,5,Factory Default,1,Incomplete,Double,9/18/25,15029.5,Clear to Build,38,202540,
Athena,BOM540-0008-00,D,15368.6,100,Clear to Build,9/30/25,22,2,10/20/25,10/13/25,1,1.73,0.11,42,40,2-EURO 127,,,18,Factory Default,1,Incomplete,Double,10/10/25,N/A,SMT ONLY,41,202540,
Geoprobe,BOM116480,D,15030.1,25,Clear to Build,9/30/25,18,2,10/14/25,10/7/25,1,1.6,0.1,41,40,3-EURO 588,,,14,Factory Default,1,Incomplete,Double,10/6/25,NA,SMT ONLY,41,202540,
ESPI,SUB48V-ALARMXX,A,15321.3,150,Clear to Build,9/30/25,33,2,10/1/25,10/1/25,1,2.1,0.13,40,40,3-EURO 588,,,10,Factory Default,1,Incomplete,Single,9/30/25,15321.2,Parts Due in,40,202540,PARTS due 10/1
MPH,BOM950895P,E,15380.1,20,Progam/Stencil,9/30/25,30,2,10/7/25,9/30/25,1,2,0.13,40,40,2-EURO 127,,,16,Factory Default,1,Incomplete,Single,9/29/25,N/A,SMT ONLY,40,202540,
Ametek,SUBCG302A-2639-2XX,D,13906.5,12,Clear to Build,10/1/25,13,2,10/10/25,10/10/25,1,1.43,0.09,41,40,3-EURO 588,,,15,Factory Default,1,Incomplete,Double,10/9/25,13906.4,Parts Due in,41,202540,Parts Due 10/10
,,,,,,,,,,,,0,0,52,52,,,1/1/00,,,1,,,12/29/1899,,,#NUM!,,
Geoprobe,BOM248978,V1,15601.1,6,Clear to Build,1-Oct,7,2,10/24/25,10/17/25,1,1.23,0.08,42,40,3-EURO 588,,,17,Factory Default,,Incomplete,Double,10/16/25,N/A,SMT ONLY,42,202540,
Ametek,SUBMP64N-2629-2XX,B,11099.3,24,Clear to Build,10/2/25,72,5,9/24/25,9/24/25,2.5,4.9,0.31,40,40,3-EURO 588,,,7,Factory Default,,Incomplete,Double,9/23/25,,,39,202540,
Legend,SUB30-153XX,D,15120.2,96,Clear to Build,10/2/25,15,2,9/10/25,9/10/25,1,1.5,0.09,40,40,3-EURO 588,,,4,Factory Default,,Incomplete,Single,9/9/25,,,37,202540,
Holzworth,BOM901-0081-15,15A,15328.1,5,Clear to Build *,10/2/25,13,3,9/24/25,9/24/25,1.5,1.93,0.12,40,40,2-EURO 127,,,10,Factory Default,,Incomplete,Single,9/23/25,,,39,202540,
Tactical,BOMPCA-10133-01,01,15474.1,96,Clear to Build,10/1/25,30,2,10/31/25,10/24/25,1,2,0.13,43,40,2-EURO 127,,,21,Factory Default,1,Incomplete,Double,10/23/25,N/A,SMT ONLY,43,202540,